{
	"AlgoMap255BrLevel": {
		"sectionone": [0.006667,1.993],
		"sectiontwo": [0.05034,-194.6],
		"sectionthree": [0.01107244543,74.1758937],
		"sectionkeypoint": [4501,6848]
	},
	"LcmMapAlgoBrLevel": [
		[1,1],
		[2,76],
		[3,226],
		[4,376],
		[5,526],
		[6,676],
		[7,826],
		[8,976],
		[9,1125],
		[10,1275],
		[11,1425],
		[12,1575],
		[13,1725],
		[14,1875],
		[15,2025],
		[16,2175],
		[17,2325],
		[18,2475],
		[19,2625],
		[20,2775],
		[21,2925],
		[22,3075],
		[23,3225],
		[24,3375],
		[25,3525],
		[26,3675],
		[27,3825],
		[28,3975],
		[29,4125],
		[30,4275],
		[31,4425],
		[32,4511],
		[33,4531],
		[34,4551],
		[35,4570],
		[36,4590],
		[37,4610],
		[38,4630],
		[39,4650],
		[40,4670],
		[41,4690],
		[42,4710],
		[43,4729],
		[44,4749],
		[45,4769],
		[46,4789],
		[47,4809],
		[48,4829],
		[49,4849],
		[50,4868],
		[51,4888],
		[52,4908],
		[53,4928],
		[54,4948],
		[55,4968],
		[56,4988],
		[57,5008],
		[58,5027],
		[59,5047],
		[60,5067],
		[61,5087],
		[62,5107],
		[63,5127],
		[64,5147],
		[65,5166],
		[66,5186],
		[67,5206],
		[68,5226],
		[69,5246],
		[70,5266],
		[71,5286],
		[72,5305],
		[73,5325],
		[74,5345],
		[75,5365],
		[76,5385],
		[77,5405],
		[78,5425],
		[79,5445],
		[80,5464],
		[81,5484],
		[82,5504],
		[83,5524],
		[84,5544],
		[85,5564],
		[86,5584],
		[87,5603],
		[88,5623],
		[89,5643],
		[90,5663],
		[91,5683],
		[92,5703],
		[93,5723],
		[94,5743],
		[95,5762],
		[96,5782],
		[97,5802],
		[98,5822],
		[99,5842],
		[100,5862],
		[101,5882],
		[102,5901],
		[103,5921],
		[104,5941],
		[105,5961],
		[106,5981],
		[107,6001],
		[108,6021],
		[109,6040],
		[110,6060],
		[111,6080],
		[112,6100],
		[113,6120],
		[114,6140],
		[115,6160],
		[116,6180],
		[117,6199],
		[118,6219],
		[119,6239],
		[120,6259],
		[121,6279],
		[122,6299],
		[123,6319],
		[124,6338],
		[125,6358],
		[126,6378],
		[127,6398],
		[128,6418],
		[129,6438],
		[130,6458],
		[131,6478],
		[132,6497],
		[133,6517],
		[134,6537],
		[135,6557],
		[136,6577],
		[137,6597],
		[138,6617],
		[139,6636],
		[140,6656],
		[141,6676],
		[142,6696],
		[143,6716],
		[144,6736],
		[145,6756],
		[146,6775],
		[147,6795],
		[148,6815],
		[149,6835],
		[150,6892],
		[151,6983],
		[152,7073],
		[153,7164],
		[154,7254],
		[155,7344],
		[156,7435],
		[157,7525],
		[158,7615],
		[159,7706],
		[160,7796],
		[161,7886],
		[162,7977],
		[163,8067],
		[164,8157],
		[165,8248],
		[166,8338],
		[167,8428],
		[168,8518],
		[169,8609],
		[170,8699],
		[171,8789],
		[172,8880],
		[173,8970],
		[174,9060],
		[175,9151],
		[176,9241],
		[177,9331],
		[178,9422],
		[179,9512],
		[180,9602],
		[181,9693],
		[182,9783],
		[183,9873],
		[184,9963],
		[185,10054],
		[186,10144],
		[187,10234],
		[188,10325],
		[189,10415],
		[190,10505],
		[191,10596],
		[192,10686],
		[193,10776],
		[194,10867],
		[195,10957],
		[196,11047],
		[197,11138],
		[198,11228],
		[199,11318],
		[200,11409],
		[201,11499],
		[202,11589],
		[203,11679],
		[204,11770],
		[205,11860],
		[206,11950],
		[207,12041],
		[208,12131],
		[209,12221],
		[210,12312],
		[211,12402],
		[212,12492],
		[213,12583],
		[214,12673],
		[215,12763],
		[216,12854],
		[217,12944],
		[218,13034],
		[219,13124],
		[220,13215],
		[221,13305],
		[222,13395],
		[223,13486],
		[224,13576],
		[225,13666],
		[226,13757],
		[227,13847],
		[228,13937],
		[229,14028],
		[230,14118],
		[231,14208],
		[232,14299],
		[233,14389],
		[234,14479],
		[235,14570],
		[236,14660],
		[237,14750],
		[238,14840],
		[239,14931],
		[240,15021],
		[241,15111],
		[242,15202],
		[243,15292],
		[244,15382],
		[245,15473],
		[246,15563],
		[247,15653],
		[248,15744],
		[249,15834],
		[250,15924],
		[251,16015],
		[252,16105],
		[253,16195],
		[254,16285],
		[255,16331]
	]
}
