{
	"ramperbrightness": {
		"sectiondown": [
			[-2.395537525,6225.665314],
			[-3.423076923,7822.461538],
			[-4.634020619,9137.546392],
			[-6.580838323,10874.10778],
			[-10.2244898,13515.7551],
			[-11.09259259,14060.05556],
			[-23,20240],
			[-50.07692308,32532.92308],
			[-78.84848485,44847.15152],
			[-57.42857143,36386.28571],
			[-84.38461538,46845.23077],
			[-72.27777778,42305.16667],
			[-100.8285714,52497.8],
			[-130,61891],
			[-142.3571429,65548.71429],
			[-165.375,72039.75],
			[-187.8333333,78013.66667],
			[-88.73469388,52842.61224],
			[-6.849315068,40068.49315]
		],
		"section_downpoint": [1554,1086,892,725,627,519,454,428,395,388,375,357,322,296,282,266,254,156,10],
		"section_down_min_step": [26,18,13,10,6,6,3,2,1,1,1,1,1,1,1,1,2,2,12],
		"sectiondowngapminone": 20,
		"sectiondowngapmintwo": 80,
		"sectiondownkeybr": 395,
		"downlcmFlickValue": 2,
		"uptotaltime": 2800,
		"uplimmitcount": 25,
		"section_uppoint": [440,1296],
		"quickupstep": [40,78,70],
		"quickupgap": [20,0,0],
		"quickdownstep": [5,10,12,57],
		"quickdowngap": [40,40,30,20],
		"quick_sectionpoint": [1012,582,346,10],
		"pemtotaltime": 10000,
		"pemsectionnit":[38.0,100.0],
		"pemsectionscale":[100,90]
	}
}
